,lat,long,leisure_points_in_0.01,shop_points_in_0.01,amenity_points_in_0.01,crossing_points_in_0.01,natural_points_in_0.01,sport_points_in_0.01,building_points_in_0.01,historic_points_in_0.01,tourism_points_in_0.01,office_points_in_0.01,bus_points_in_0.01,healthcare_points_in_0.01,hotel_points_in_0.01,parking_points_in_0.01,catering_points_in_0.01,study_points_in_0.01
0,53.737219,91.413928,74,11,104,48,390,20,487,0,2,0,3,0,2,64,7,7
7,53.7421535,91.413259,62,10,71,39,427,19,346,2,6,0,3,0,2,40,7,4
9,53.7426906,91.4132214,59,8,64,37,426,19,324,2,6,0,3,0,2,40,5,6
18,53.741225,91.413698,68,10,82,43,431,23,388,2,6,0,3,0,2,46,7,6
20,53.7436096,91.41371939999999,59,8,64,39,430,18,280,2,6,0,3,0,2,40,5,6
29,53.7175644,91.4293172,160,37,160,109,487,34,1758,9,6,9,9,3,1,82,9,38
50,53.729425,91.43966499999999,206,53,224,114,774,35,1535,3,18,20,12,6,9,88,30,39
57,53.697233,91.41119049999999,56,23,71,49,220,15,2616,1,4,0,6,5,0,35,0,15
59,53.6980332,91.4097803,62,29,81,47,246,18,2488,2,3,0,5,5,0,41,1,15
60,53.6975884,91.4097829,62,29,79,47,237,18,2500,2,3,0,5,5,0,39,1,15
62,53.69713640000001,91.4103961,57,27,75,47,232,16,2558,2,3,0,6,5,0,37,0,15
65,53.6995973,91.4089094,75,29,97,40,298,21,2237,2,1,1,4,3,0,52,1,20
67,53.69932859999999,91.40794580000001,76,28,101,39,297,21,2141,2,1,1,4,3,0,55,1,21
68,53.6979652,91.4083508,71,28,92,38,285,21,2359,2,1,1,4,4,0,49,1,19
71,53.6999544,91.40790559999999,77,28,101,40,296,22,2069,2,1,2,4,2,0,56,1,21
72,53.6993047,91.40659339999999,79,27,106,37,311,22,1988,2,1,2,4,1,0,63,1,20
73,53.6957132,91.4062747,73,26,88,52,267,21,2221,2,1,1,4,3,0,47,1,18
74,53.6949533,91.4066813,72,26,84,53,238,21,2262,2,1,0,4,4,0,43,1,18
78,53.693964,91.404749,76,22,84,50,206,22,2029,2,1,0,4,0,0,49,1,18
81,53.69445,91.4028997,80,22,97,44,234,23,1863,2,1,1,2,0,0,58,1,22
82,53.693408,91.4030856,73,20,92,45,232,18,1885,2,1,0,1,0,0,57,1,20
85,53.6965336,91.40046269999999,67,24,105,32,280,16,1490,2,0,2,1,1,0,64,1,25
86,53.6966607,91.3993096,64,21,97,30,270,16,1324,2,0,2,2,1,0,58,1,23
88,53.6971085,91.3994769,68,23,99,32,281,16,1346,2,0,2,2,1,0,60,1,23
89,53.6971892,91.40228499999999,79,26,114,32,287,22,1636,2,1,2,2,1,0,68,1,25
93,53.6792787,91.36970869999999,2,7,13,30,40,0,438,0,1,0,2,0,0,4,4,0
108,53.6825436,91.52330959999999,2,0,0,0,41,1,392,0,0,0,0,0,0,0,0,0
109,53.7384277,91.4597546,17,5,48,36,235,6,2134,0,0,1,8,0,0,34,0,5
110,53.7386192,91.45942439999999,17,5,48,36,235,6,2178,0,0,1,8,0,0,34,0,5
111,53.7259392,91.43747019999999,238,43,232,131,811,42,1471,11,16,15,11,6,6,100,26,42
112,53.72473460000001,91.4317588,219,54,247,132,541,43,1408,10,7,16,6,6,2,130,17,40
116,53.7246529,91.43025949999999,208,48,245,130,536,40,1397,10,6,12,6,6,2,136,16,37
118,53.7246403,91.4199929,122,34,173,89,381,28,1437,0,0,7,1,1,0,115,2,23
119,53.7305755,91.44630010000002,156,45,172,120,488,40,1971,2,10,22,9,8,5,80,16,20
122,53.7298737,91.4401802,194,51,231,118,773,35,1549,3,18,21,11,5,9,92,29,41
123,53.71043969999999,91.5130246,21,0,11,7,132,7,700,4,1,0,0,0,0,4,0,4
151,53.7236384,91.46967049999999,91,15,71,53,306,22,1821,1,4,10,5,6,2,23,1,16
152,53.7165194,91.4462525,133,41,148,89,816,19,1983,4,15,15,8,3,10,34,18,39
153,53.7159548,91.4431618,170,32,124,87,933,30,1870,4,14,12,8,2,8,24,21,39
156,53.71523389999999,91.43637419999999,160,18,116,75,684,30,1665,12,11,6,11,2,5,28,13,33
158,53.7154233,91.4408796,172,27,117,94,940,28,1833,6,11,11,8,2,6,22,20,32
162,53.715758,91.415921,76,22,78,72,476,9,2272,0,0,5,4,2,0,45,1,9
164,53.7164081,91.4160544,76,24,84,71,474,9,2144,0,0,5,4,2,0,51,1,9
165,53.7191744,91.41417039999999,87,30,93,39,461,14,1567,0,0,8,3,2,0,52,2,9
168,53.7193686,91.4143308,85,30,93,41,460,12,1527,0,0,8,3,2,0,52,2,9
172,53.7185571,91.44900179999999,155,42,170,114,787,40,1928,5,12,16,7,5,10,52,16,34
173,53.7237587,91.446319,226,44,205,116,794,53,1846,6,15,22,9,6,10,71,18,41
174,53.72595,91.44561499999999,237,45,227,120,810,53,1867,5,15,17,9,7,10,84,19,47
175,53.7265572,91.4461611,220,51,225,131,783,50,1886,5,13,17,9,7,8,90,18,41
178,53.72727889999999,91.4460462,221,51,223,131,736,50,1886,4,11,23,8,7,6,90,20,33
181,53.7302312,91.4451431,170,44,176,119,567,42,1819,3,14,23,12,7,7,80,17,22
184,53.725564,91.446671,221,42,206,127,793,48,1931,5,14,19,7,6,10,73,17,43
186,53.71098629999999,91.43842719999999,80,14,52,43,521,20,2456,4,7,7,7,1,3,12,3,18
187,53.7101167,91.4321389,68,8,57,69,388,15,2994,3,5,2,9,1,1,21,1,21
188,53.709957,91.431315,60,14,48,69,365,13,3128,2,4,2,9,1,1,16,1,19
189,53.708633,91.4251817,40,13,42,74,225,7,3949,0,1,2,5,0,1,14,0,14
192,53.730448,91.41208,50,6,86,31,217,16,815,0,0,0,0,0,0,52,2,7
193,53.7157628,91.4636714,69,33,81,58,323,16,2353,0,2,7,7,5,2,18,4,28
195,53.714821,91.46317619999999,65,33,74,59,314,13,2343,0,0,7,6,5,0,16,4,26
196,53.7145977,91.4640078,60,33,69,54,281,13,2317,0,0,7,6,5,0,18,4,21
197,53.7137657,91.46412389999999,56,29,56,45,275,12,2303,0,0,5,4,3,0,12,1,21
199,53.7132871,91.4643287,52,28,56,41,273,12,2283,0,0,5,4,3,0,12,1,21
200,53.7136401,91.46399129999999,54,30,56,46,275,12,2311,0,0,5,4,3,0,12,1,21
202,53.7058133,91.4219133,12,6,14,63,140,3,4545,0,2,0,5,0,1,2,0,4
203,53.7140587,91.44958,79,34,95,61,596,10,2288,4,9,11,4,0,8,28,9,24
204,53.71496610000001,91.45230629999999,91,34,116,72,552,13,2283,1,9,12,6,2,8,35,6,30
205,53.7176035,91.4358335,195,35,147,91,746,38,1427,12,12,9,13,3,6,36,16,37
208,53.71523209999999,91.41408109999999,75,16,45,50,460,12,2192,0,0,8,5,1,0,15,2,9
209,53.7145873,91.4096639,58,14,50,53,418,12,1796,0,0,8,7,1,0,19,1,5
225,53.7146339,91.4080188,56,19,57,40,453,13,1627,0,0,8,7,1,0,25,1,5
226,53.71515369999999,91.41112210000001,67,15,49,53,417,14,1884,0,0,8,7,1,0,19,1,7
234,53.7357044,91.4363146,127,58,229,98,718,22,1382,2,17,19,14,7,7,103,13,42
238,53.7363933,91.4358916,121,55,219,93,734,24,1346,2,17,19,14,7,7,101,12,38
240,53.736833,91.4373334,117,55,202,89,667,23,1540,1,16,19,13,7,7,93,12,37
244,53.7373906,91.433263,119,46,202,92,829,27,1224,2,15,14,17,6,5,84,9,47
245,53.7460203,91.41557739999999,60,7,60,32,464,18,232,2,6,0,4,0,2,40,5,4
248,53.7383452,91.43588629999999,98,48,195,91,738,24,1392,2,15,17,14,7,5,80,9,39
251,53.7389696,91.43589709999999,89,44,184,84,744,20,1368,2,15,17,14,7,5,71,9,39
254,53.7373876,91.43214110000001,117,44,193,93,861,30,1066,2,14,10,17,6,5,80,9,47
256,53.7386705,91.43456499999999,102,46,183,88,793,26,1294,2,15,10,17,6,5,73,7,41
260,53.7379918,91.43081989999999,116,36,173,95,893,34,945,2,12,8,16,5,5,68,9,45
264,53.7386324,91.4331835,111,44,175,87,860,29,1146,2,14,10,18,6,5,65,6,47
265,53.7383855,91.429597,126,30,175,84,950,45,918,2,12,7,16,5,4,78,8,41
267,53.7393984,91.4287987,145,30,170,83,975,52,847,2,14,6,17,5,4,78,7,38
271,53.7402338,91.4269691,141,27,169,87,1020,50,805,2,13,4,14,4,4,76,8,40
272,53.74063280000001,91.4259403,146,23,161,81,1029,50,756,2,14,2,14,4,6,80,8,32
274,53.74266,91.42043199999999,98,16,94,67,704,35,521,2,7,0,10,2,2,47,6,16
275,53.741615,91.4195287,104,16,98,68,745,37,503,2,7,0,9,1,2,55,6,14
299,53.7431543,91.42320989999999,116,19,117,74,801,41,548,1,10,0,11,4,2,57,6,24
300,53.74383820000001,91.41849719999999,90,10,81,56,554,32,409,1,6,0,8,0,2,44,5,12
305,53.7435249,91.42117449999999,104,15,96,67,700,40,474,1,7,0,10,3,2,47,6,17
323,53.744178,91.42249369999999,104,19,102,66,729,39,481,1,9,0,11,4,2,49,6,19
325,53.7437357,91.42160890000001,105,16,97,64,714,40,474,1,7,0,10,4,2,47,6,17
328,53.74330519999999,91.41905969999999,94,11,84,56,588,33,459,2,6,0,8,0,2,44,5,14
329,53.744121,91.41982639999999,97,12,83,56,599,35,425,2,6,0,8,1,2,44,5,14
332,53.74554930000001,91.4177424,75,8,71,43,528,23,297,2,6,0,8,0,2,44,5,10
344,53.74126769999999,91.4258396,147,21,160,79,1018,50,695,2,14,2,13,4,6,80,8,32
374,53.6968421,91.4226585,18,3,19,31,309,8,3908,0,3,0,6,5,0,3,0,6
375,53.7028431,91.39508029999999,44,14,77,13,313,11,686,2,0,2,3,1,0,47,1,15
376,53.70242589999999,91.39444590000001,40,13,74,9,278,9,656,2,0,2,2,1,0,45,1,15
379,53.7018138,91.3967782,55,18,91,21,290,13,746,2,0,2,3,1,0,54,1,21
381,53.70331090000001,91.3957404,45,17,80,17,322,10,706,2,0,2,3,1,0,50,1,15
383,53.7182243,91.4763286,94,11,51,34,148,26,1891,2,4,3,1,1,2,25,0,11
387,53.7174247,91.4754849,88,13,51,34,133,21,1999,2,4,2,1,1,2,25,0,11
390,53.72550099999999,91.43136899999999,210,53,239,123,561,40,1431,10,7,15,6,4,2,130,16,38
394,53.717988,91.434519,196,34,154,98,672,37,1467,12,10,9,11,3,4,52,15,37
398,53.732929,91.4280309,129,22,202,109,687,35,1160,2,13,7,10,4,6,110,11,31
399,53.7205786,91.4337388,214,42,211,118,601,37,1397,12,10,10,11,4,4,95,18,44
400,53.721697,91.433368,214,44,238,129,598,38,1352,12,11,14,10,5,4,118,18,42
409,53.723324,91.43302299999999,224,45,245,132,579,40,1379,10,13,15,10,5,4,124,18,43
411,53.724629,91.432729,219,47,252,129,562,40,1384,10,9,16,8,5,2,128,18,44
418,53.72548099999999,91.432464,214,49,244,125,579,36,1360,10,9,16,5,5,2,129,16,42
425,53.7220026,91.4015187,24,24,34,19,429,17,867,0,0,8,7,1,0,12,1,2
428,53.7180107,91.44168619999999,206,32,144,112,916,34,1670,10,12,12,8,5,6,33,23,41
430,53.718799,91.4415609,222,38,169,106,943,38,1628,12,13,14,10,5,6,41,23,43
433,53.718517,91.440135,222,36,154,115,921,34,1572,12,15,12,10,4,8,35,22,40
434,53.72288,91.44037499999999,269,45,231,139,891,48,1445,14,17,16,13,6,8,84,27,43
436,53.723206,91.4395651,257,46,234,136,862,46,1418,14,19,17,13,7,8,82,27,44
440,53.7284537,91.4384826,229,41,221,124,829,37,1528,10,14,20,13,6,5,90,26,39
441,53.729282,91.43827399999999,209,41,212,120,800,37,1501,6,18,20,14,6,9,86,23,39
445,53.7286893,91.4375343,216,40,229,125,802,35,1474,10,18,15,14,6,9,102,23,41
446,53.729816,91.437243,208,43,225,110,807,33,1436,7,18,19,14,5,9,96,21,45
458,53.7395137,91.4328053,106,39,168,87,884,27,1086,2,13,9,17,5,5,65,5,47
460,53.735995,91.42515499999999,152,22,176,95,917,46,1015,2,10,4,10,4,4,98,7,29
462,53.736112,91.424884,153,22,166,97,913,46,1013,2,11,4,10,3,4,94,6,29
463,53.739194,91.43388829999999,106,43,173,86,812,28,1210,2,15,9,18,5,5,65,6,45
464,53.7362069,91.42610719999999,152,21,178,95,951,48,1058,2,10,6,11,5,4,94,8,31
466,53.7402455,91.4337444,98,35,160,77,833,26,1156,2,13,9,17,5,5,65,5,40
467,53.739462,91.43507579999999,90,41,172,74,772,22,1290,2,15,11,16,6,5,65,6,41
468,53.7405839,91.43557369999999,76,35,149,64,745,21,1265,1,14,12,16,4,5,59,5,36
470,53.74427,91.435451,69,31,110,42,621,18,1109,1,9,6,11,3,5,44,4,28
473,53.7415522,91.4354017,78,35,138,56,749,22,1196,1,12,9,14,4,5,53,5,36
476,53.7409081,91.4368155,73,36,133,56,674,20,1315,1,14,14,12,5,5,48,6,34
477,53.74080379999999,91.43464,89,35,151,62,776,26,1196,1,13,9,16,4,5,63,5,36
485,53.7265218,91.4362088,236,43,228,112,764,38,1449,11,15,14,12,6,4,102,21,43
486,53.72622399999999,91.4331622,233,38,222,114,664,38,1358,10,11,16,6,4,2,109,16,42
491,53.72594700000001,91.43088399999999,202,52,234,121,591,41,1426,10,6,12,4,4,2,128,16,41
493,53.725902,91.4298699,190,47,235,122,583,40,1377,10,6,13,6,5,2,134,13,37
500,53.7276483,91.4365552,223,41,231,117,795,32,1454,10,16,15,13,6,7,106,21,44
501,53.7274375,91.43747139999999,231,41,222,127,818,36,1476,10,14,15,13,6,5,98,23,39
505,53.7277156,91.4379072,233,41,224,131,830,38,1496,10,14,18,13,6,5,96,24,39
506,53.72689219999999,91.4353762,231,40,222,109,758,37,1420,10,15,14,13,4,5,102,20,44
516,53.7267603,91.42811499999999,155,45,227,118,509,29,1315,9,6,11,5,6,2,126,10,40
532,53.7263094,91.4282921,166,44,227,114,514,31,1344,9,6,11,5,5,2,127,13,37
536,53.7266494,91.42654530000002,138,41,204,111,514,32,1357,8,4,10,5,3,2,124,7,31
538,53.7254441,91.4248003,155,40,199,110,473,36,1360,8,1,10,5,2,0,132,3,32
543,53.7262504,91.4244538,146,39,198,104,442,39,1334,8,2,9,6,1,0,134,2,32
545,53.7259341,91.4255129,150,41,203,108,490,34,1384,8,2,10,6,3,0,129,4,31
621,53.7235759,91.40459949999999,28,24,36,20,360,15,999,0,0,8,5,1,0,10,1,4
622,53.7258879,91.42513939999999,150,40,204,108,483,36,1371,8,1,10,6,3,0,131,4,34
648,53.7274085,91.4352387,218,40,222,111,771,28,1430,10,17,15,13,4,7,102,20,44
649,53.7298046,91.4336805,197,43,238,115,857,27,1361,8,17,14,13,6,7,114,19,46
651,53.7373944,91.4393462,112,51,189,72,533,20,1718,0,14,18,13,5,5,88,11,32
652,53.73979569999999,91.4435371,56,40,111,54,381,8,2261,0,9,14,10,2,3,50,8,17
653,53.740886,91.4385229,71,44,133,60,560,17,1350,0,14,14,12,5,5,48,8,33
656,53.740328,91.4397429,77,42,142,66,528,16,1607,0,14,14,11,3,5,56,8,32
669,53.7385677,91.4393715,92,47,182,71,544,16,1632,0,14,17,11,6,5,82,10,33
674,53.74592000000001,91.4394993,39,23,82,21,354,12,1137,0,5,7,6,2,3,34,4,17
676,53.7386716,91.4388259,93,47,183,75,581,16,1543,0,14,17,11,6,5,79,10,37
677,53.7403658,91.44382759999999,51,39,101,53,366,8,2288,0,9,14,10,2,3,46,8,17
691,53.7395867,91.4392211,81,46,154,67,557,16,1550,0,14,16,11,4,5,58,9,34
692,53.7417087,91.43897559999999,69,37,126,52,542,16,1374,0,12,14,12,5,5,48,8,29
694,53.7419112,91.43799109999999,65,36,126,52,574,16,1253,1,12,14,12,5,5,46,8,34
699,53.7422747,91.4394903,66,36,121,52,510,16,1464,0,10,14,12,3,5,46,8,29
700,53.7452294,91.439146,42,24,89,29,405,13,1165,0,7,8,8,4,3,36,4,17
708,53.744198,91.439815,48,30,97,39,409,14,1320,0,7,14,9,3,3,40,7,17
726,53.7456214,91.4396156,39,23,83,23,366,12,1175,0,5,7,7,3,3,34,4,17
754,53.6997434,91.42247789999999,15,4,24,50,235,5,4470,0,3,0,6,5,0,5,0,9
755,53.6992163,91.4229494,15,4,22,48,261,5,4410,0,3,0,6,5,0,3,0,9
757,53.7010824,91.4234242,15,5,20,58,229,5,4734,0,3,0,4,4,0,3,0,7
759,53.7067158,91.40444629999999,77,23,84,38,389,27,1330,2,0,7,8,1,0,50,1,15
761,53.7056559,91.4039257,84,23,97,35,341,26,1266,2,1,3,8,1,0,58,1,19
762,53.70543319999999,91.4029456,81,23,97,29,334,26,1132,2,0,3,7,1,0,59,1,21
764,53.7065572,91.4035213,78,23,94,32,368,25,1198,2,0,5,9,1,0,56,1,15
765,53.7066526,91.4026093,72,21,99,29,388,20,1106,2,0,5,8,1,0,61,1,15
767,53.7060165,91.4022932,76,21,95,29,348,22,1082,2,0,3,7,1,0,59,1,17
770,53.7050991,91.39957489999999,54,20,89,27,318,16,906,2,0,3,7,1,0,52,1,19
773,53.7050903,91.4011002,64,21,92,29,314,19,967,2,0,3,7,1,0,56,1,19
778,53.7064652,91.40062069999999,56,20,91,26,368,16,960,2,0,3,7,1,0,54,1,17
783,53.7170796,91.4777715,79,8,39,25,150,15,1637,2,2,3,1,1,0,21,0,6
789,53.7173058,91.4747568,88,18,51,35,142,21,2091,2,4,2,1,1,2,25,0,11
791,53.7185315,91.46191019999999,65,39,110,75,428,9,2306,1,5,11,8,9,4,30,4,29
793,53.7348053,91.44125249999999,119,47,174,69,509,23,1744,2,16,20,13,5,7,82,10,30
795,53.73657679999999,91.457111,21,7,56,38,225,7,2573,0,0,1,9,0,0,40,0,5
801,53.7365375,91.4565985,25,9,58,41,220,9,2622,0,0,1,9,1,0,40,0,5
812,53.7365875,91.4550345,33,16,62,42,197,13,2641,0,0,5,9,2,0,40,3,5
814,53.7323861,91.4264712,125,25,184,115,628,37,1131,2,6,5,9,3,2,118,6,25
819,53.7309559,91.4255804,142,25,205,116,560,36,1158,1,3,6,6,3,2,136,6,28
820,53.732155,91.42452089999999,133,24,210,119,619,36,1086,1,3,4,7,3,2,138,5,27
823,53.7319166,91.4231824,122,24,190,98,514,34,1097,1,3,4,4,2,2,125,6,25
833,53.731696,91.420841,109,23,181,86,449,33,1081,1,3,3,2,1,2,118,8,19
834,53.7310272,91.4195661,100,20,168,83,371,31,1082,1,3,3,2,1,2,112,8,15
836,53.7311773,91.4212058,105,24,184,91,456,34,1141,1,1,3,2,1,0,122,8,20
837,53.7302054,91.4173816,85,16,129,64,298,29,1104,0,0,3,0,0,0,85,3,16
843,53.7351031,91.4349297,126,53,216,98,758,21,1216,2,17,20,14,6,7,95,11,40
844,53.7314191,91.417052,81,15,120,56,297,27,983,0,2,3,0,0,2,75,6,13
865,53.7350704,91.43092209999999,112,39,233,98,774,23,1130,2,16,14,15,6,7,109,11,51
867,53.7355043,91.4279603,140,20,198,96,830,45,1129,2,11,7,13,5,4,106,7,39
869,53.73461100000001,91.425934,147,19,195,115,806,41,1030,2,10,5,10,3,4,118,7,25
870,53.7347914,91.423515,147,17,179,103,792,41,970,2,6,4,9,2,4,117,6,22
873,53.7341112,91.4215475,123,23,193,85,659,35,904,1,3,3,6,2,2,124,8,22
876,53.734472,91.419046,114,15,159,81,561,33,807,1,3,3,5,1,2,96,8,19
881,53.7343328,91.4375278,146,57,210,99,654,25,1360,1,17,20,13,6,7,96,14,35
912,53.7236976,91.4598845,74,32,124,81,492,26,2226,2,7,13,10,9,6,42,4,24
915,53.7247827,91.4636641,67,23,102,89,447,21,2150,1,2,10,11,9,2,32,2,19
916,53.7252206,91.462896,61,22,100,91,462,19,2144,1,2,11,11,9,2,30,2,19
917,53.7246316,91.4623206,61,22,105,89,475,15,2184,1,2,11,11,9,2,32,4,19
919,53.7225765,91.45161420000001,151,35,178,112,781,42,2094,5,11,20,9,5,10,58,14,36
925,53.7242882,91.45859109999999,80,32,129,93,499,30,2184,2,7,15,10,9,6,42,5,24
934,53.7237896,91.4554756,97,38,148,117,587,29,2139,2,7,19,10,10,6,46,10,25
936,53.7234908,91.454467,110,38,160,117,618,32,2153,3,7,20,7,10,6,50,10,29
939,53.7232281,91.4509418,158,39,176,108,741,43,2056,5,12,17,6,5,10,58,14,34
940,53.723205,91.4500645,172,39,180,117,759,44,2002,5,13,18,9,5,10,60,16,34
941,53.72130980000001,91.4373461,231,36,213,115,804,41,1448,12,15,12,15,5,8,72,26,47
944,53.7211949,91.4361425,232,35,220,116,743,43,1431,12,11,14,15,5,4,84,22,43
945,53.720974,91.4340071,220,39,225,128,610,38,1369,12,11,11,12,5,4,105,19,42
947,53.72327019999999,91.4446609,248,47,229,111,846,56,1715,6,17,23,10,6,12,84,24,48
948,53.7189644,91.4119709,75,17,53,42,416,15,1559,0,0,7,6,1,0,21,1,9
959,53.7148192,91.43193029999999,137,28,106,95,477,28,2041,11,6,9,10,3,1,33,10,30
961,53.71681969999999,91.4313686,159,33,139,106,602,30,1790,11,6,10,10,3,1,57,11,36
963,53.7173923,91.4312787,169,34,161,114,604,30,1684,11,6,10,10,4,1,71,12,36
964,53.7180567,91.4311014,181,39,183,111,605,32,1644,11,6,9,10,4,1,87,13,38
965,53.71894529999999,91.4307661,182,40,186,111,578,34,1558,10,8,10,10,4,3,90,14,38
967,53.7251466,91.42973080000002,190,48,238,129,551,38,1379,10,6,11,6,5,2,135,14,35
975,53.728127,91.4289055,158,38,226,117,604,29,1305,8,8,10,5,5,4,128,9,38
976,53.7220588,91.4300111,182,45,208,120,556,35,1433,9,4,12,8,5,2,110,15,36
977,53.7229401,91.4297514,189,47,219,121,551,35,1445,9,4,12,7,6,2,119,16,34
978,53.7254865,91.42887999999999,186,48,232,124,557,38,1359,10,6,11,6,5,2,135,14,35
980,53.7225377,91.43015179999999,188,47,215,121,565,35,1435,9,4,12,8,6,2,114,16,36
986,53.7368242,91.4256571,155,24,163,97,954,48,1072,2,14,5,12,4,6,82,8,29
987,53.7364586,91.42441649999999,155,21,152,96,911,46,988,2,12,3,11,3,4,83,6,28
988,53.7388094,91.4226487,149,21,144,93,929,48,819,2,12,2,13,3,4,78,6,26
989,53.7406011,91.4198595,112,16,115,72,848,40,557,1,7,0,9,1,2,69,6,17
990,53.7396159,91.4225376,147,22,144,92,917,48,741,2,12,1,12,4,4,78,6,26
993,53.7400215,91.4178163,103,13,116,56,671,36,528,1,6,0,6,0,2,64,7,13
998,53.740039,91.4169129,97,11,109,53,608,33,502,1,6,0,6,0,2,62,7,11
999,53.74009,91.414461,76,10,94,44,482,24,427,1,6,0,4,0,2,56,7,8
1006,53.7401002,91.4190017,106,14,124,69,797,37,561,1,7,0,8,1,2,73,8,15
1015,53.7071397,91.4051799,70,23,77,42,399,25,1431,1,0,9,8,1,0,45,1,12
1016,53.7038156,91.406131,83,27,99,43,293,24,1616,2,1,3,5,1,0,60,1,18
1018,53.7024293,91.40695099999999,80,27,97,42,305,22,1748,2,1,3,3,1,0,56,1,18
1019,53.7001838,91.40612709999999,82,27,110,39,318,22,1790,2,1,2,3,1,0,67,1,20
1023,53.70075079999999,91.4073994,80,28,99,40,302,22,1938,2,1,2,4,1,0,58,1,18
1025,53.6965637,91.4120494,49,20,69,53,202,17,2718,0,4,0,5,5,0,33,0,16
1037,53.7199447,91.4622838,69,40,116,83,465,10,2296,1,5,10,10,9,4,34,4,29
1040,53.7204695,91.4631701,82,38,115,90,460,14,2250,1,2,9,10,9,2,32,4,31
1041,53.7252784,91.46078709999999,65,30,110,83,483,19,2222,1,4,11,10,9,4,40,4,19
1056,53.723875,91.462031,62,27,110,89,475,15,2202,1,2,12,11,9,2,38,4,19
1058,53.7255366,91.4603132,72,30,112,88,485,22,2192,1,6,11,10,9,6,40,4,19
1073,53.7254245,91.46153009999999,58,24,109,89,477,12,2222,1,2,11,11,9,2,38,4,19
1074,53.72731109999999,91.4608957,55,18,98,90,452,18,2236,1,2,11,10,9,2,32,2,19
1076,53.7379581,91.4581728,18,5,52,36,239,7,2409,0,0,1,9,0,0,36,0,5
1077,53.7420064,91.4577078,14,5,43,20,236,4,1962,0,0,1,7,0,0,32,0,5
1080,53.7441451,91.45808099999999,14,1,38,14,226,4,1572,0,0,1,6,0,0,30,0,4
1081,53.744636,91.457826,14,1,38,11,224,4,1538,0,0,1,6,0,0,30,0,4
1082,53.7432179,91.4580864,14,3,40,16,232,4,1770,0,0,1,6,0,0,32,0,4
1086,53.7422604,91.45627379999999,15,5,49,19,246,5,1893,0,0,1,8,1,0,34,0,5
1087,53.7428809,91.4571125,14,3,43,16,241,4,1820,0,0,1,7,0,0,32,0,5
1090,53.74355970000001,91.45594419999999,14,3,45,14,237,4,1724,0,0,1,8,1,0,32,0,5
1092,53.73806039999999,91.4565691,21,7,58,41,231,7,2459,0,0,1,9,1,0,40,0,5
1100,53.7445812,91.45559019999999,12,3,40,14,231,2,1604,0,0,1,7,0,0,32,0,4
1102,53.7456013,91.4567355,12,1,38,9,223,2,1424,0,0,1,6,0,0,30,0,4
1106,53.73352800000001,91.4585336,37,8,66,58,284,18,2443,1,0,3,10,4,0,42,0,5
1138,53.7149233,91.4621719,45,34,77,57,334,11,2351,0,1,7,5,5,0,16,4,28
1141,53.7153921,91.46462919999999,80,31,75,61,298,15,2315,0,2,7,7,5,2,20,3,22
1143,53.6939812,91.4347133,8,1,9,12,350,2,3257,0,0,0,0,0,0,1,0,6
1144,53.7032803,91.43073369999999,8,5,16,49,294,4,4740,0,1,2,2,0,1,2,0,10
1148,53.7247493,91.33833279999999,0,0,2,0,7,0,113,0,0,0,0,0,0,2,0,0
1149,53.7102099,91.4781376,41,7,30,23,121,2,1583,2,0,3,1,1,0,15,0,4
1151,53.7160629,91.4249007,108,38,115,112,358,24,2230,9,2,6,6,1,1,54,3,20
1157,53.7171774,91.4264994,143,39,143,114,416,28,1975,9,3,7,7,3,1,84,3,24
1160,53.718747,91.4260652,153,41,150,116,412,28,1747,9,2,8,7,3,0,88,3,24
1162,53.7210444,91.4252673,151,39,151,108,394,28,1533,9,2,9,7,2,0,90,3,25
1163,53.725282,91.4242088,151,40,185,107,457,34,1374,8,1,9,6,2,0,129,2,26
1171,53.72696209999999,91.42297520000001,126,38,188,96,399,35,1317,1,1,9,5,1,0,129,2,25
1172,53.7275208,91.42223949999999,123,35,177,96,381,33,1305,1,1,8,4,1,0,123,2,25
1173,53.726477,91.423591,137,39,187,102,406,37,1357,2,2,9,6,1,0,129,2,26
1181,53.7202734,91.42377909999999,128,39,143,118,351,22,1655,9,1,6,7,2,0,82,2,18
1182,53.7210853,91.42172020000001,120,35,153,101,340,19,1632,0,0,6,6,1,0,92,1,21
1183,53.7210844,91.4229658,127,36,150,107,347,21,1589,7,0,7,7,1,0,90,2,19
1189,53.7290258,91.4210026,111,24,178,86,388,30,1256,1,1,4,2,1,0,124,3,19
1190,53.7284017,91.422536,120,32,186,104,403,37,1294,1,1,8,3,2,0,132,3,21
1191,53.7221408,91.423149,126,38,160,110,356,21,1473,7,1,8,7,1,0,97,2,23
1194,53.7290271,91.4194033,104,21,162,74,338,27,1215,1,0,4,1,0,0,113,3,16
1198,53.72187,91.4216579,124,35,158,103,350,21,1545,0,0,7,5,1,0,96,2,21
1199,53.7304539,91.4196638,97,22,169,78,359,29,1118,1,1,3,2,1,0,114,7,15
1201,53.7243958,91.4217549,134,38,174,99,407,31,1406,0,0,7,5,1,0,117,2,23
1202,53.7243918,91.4217266,134,38,175,100,407,31,1404,0,0,7,5,1,0,117,2,23
1216,53.7306097,91.4190344,100,20,166,73,347,29,1096,1,1,3,2,0,0,113,6,15
1219,53.7236972,91.4234352,141,40,173,109,424,27,1387,7,1,9,7,1,0,121,2,23
1307,53.7300919,91.4198234,100,21,167,84,370,29,1142,1,1,3,2,0,0,116,4,15
1309,53.7280252,91.41742579999999,82,18,132,70,313,22,1298,0,0,3,1,0,0,93,2,12
1322,53.7277503,91.4190034,102,23,152,74,374,27,1336,0,0,4,1,0,0,109,3,12
1332,53.7295173,91.41606349999999,70,15,116,48,250,23,1138,0,0,2,0,0,0,75,2,12
1336,53.73038649999999,91.4130812,51,6,90,31,229,14,895,0,0,0,0,0,0,54,2,7
1366,53.7432933,91.4372023,68,30,112,44,577,18,1180,1,9,11,10,4,5,42,4,29
1368,53.7166475,91.4011866,28,21,33,21,521,15,1006,0,0,9,7,1,0,16,1,2
1369,53.7067908,91.4578667,16,11,11,14,198,7,2746,0,0,0,0,0,0,2,0,6
1372,53.722243,91.367508,5,0,11,0,76,5,295,0,0,0,0,1,0,2,0,0
1374,53.6929795,91.4330202,6,1,9,12,334,0,3209,0,0,0,0,0,0,1,0,6
1375,53.7077627,91.45688,18,13,12,20,230,7,2983,0,1,0,0,0,0,2,0,6
1376,53.7181738,91.377167,6,2,12,4,177,2,549,0,0,0,2,1,0,10,0,0
1378,53.7338548,91.4696846,23,4,20,20,195,13,1528,0,2,2,2,1,2,8,0,0
1379,53.73516679999999,91.4693863,19,1,19,18,190,11,1453,0,0,2,2,0,0,8,0,0
1381,53.7300158,91.4262454,145,27,199,99,521,37,1217,1,8,6,4,3,4,128,5,32
1382,53.734952,91.47048199999999,20,4,19,19,165,13,1344,0,0,2,2,0,0,8,0,0
1384,53.716083,91.40892579999999,59,17,46,44,415,15,1593,0,0,8,7,1,0,15,1,5
1386,53.6973439,91.4306014,15,2,12,28,387,5,4557,0,0,0,2,0,0,1,0,7
1387,53.69293440000001,91.4268091,18,2,18,19,371,8,2995,0,3,0,2,4,0,1,0,8
1392,53.69389049999999,91.4335337,8,1,9,12,350,2,3401,0,0,0,0,0,0,1,0,6
1393,53.7006318,91.42444789999999,13,5,20,59,250,5,4666,0,4,0,4,4,1,3,0,8
1394,53.7069599,91.4551769,14,3,7,17,234,3,3265,0,0,0,0,0,0,0,0,4
1398,53.7166139,91.43712599999999,182,24,138,77,750,30,1539,12,10,7,13,3,4,28,14,43
1400,53.7441124,91.438209,58,29,111,41,512,15,1136,0,9,12,10,5,5,42,5,25
1401,53.69759639999999,91.50000159999999,5,0,12,4,86,3,804,0,0,0,0,0,0,4,2,2
1403,53.69965269999999,91.4973454,5,0,12,8,74,3,960,0,0,0,0,0,0,4,2,2
1404,53.7437243,91.4396573,53,33,104,43,451,14,1334,0,7,14,9,3,3,42,8,19
1406,53.6993665,91.4976473,5,0,12,7,74,3,946,0,0,0,0,0,0,4,2,2
1408,53.6988999,91.4979034,5,0,12,6,74,3,920,0,0,0,0,0,0,4,2,2
1411,53.7448895,91.43702499999999,63,27,102,35,534,18,1105,1,9,8,11,3,5,38,4,27
1413,53.7183749,91.4767847,96,11,50,33,146,26,1809,2,2,2,1,1,0,25,0,11
1415,53.6998439,91.4968562,5,0,14,6,78,3,936,0,0,0,0,0,0,4,2,2
1416,53.7239789,91.4233539,141,40,177,110,420,27,1371,7,1,9,7,1,0,123,2,23
1417,53.6991672,91.496816,5,0,12,6,76,3,876,0,0,0,0,0,0,4,2,2
1418,53.6997849,91.4029363,80,26,114,34,297,22,1334,2,1,2,3,1,0,70,1,23
1419,53.7310248,91.4390933,190,47,210,106,749,35,1505,2,18,19,11,6,9,86,21,42
1421,53.69887629999999,91.4043279,80,27,116,35,283,22,1696,2,1,2,3,1,0,70,1,25
1423,53.7075162,91.3636634,0,2,3,0,264,0,180,0,0,0,0,0,0,0,1,0
1427,53.7048181,91.40501429999999,86,24,103,34,322,28,1468,2,1,3,5,1,0,62,1,21
1438,53.7259513,91.4558491,86,29,136,113,513,30,2100,2,7,18,10,10,6,44,7,21
1442,53.7141771,91.4072071,50,20,55,36,489,12,1566,0,0,8,7,1,0,25,1,4
1444,53.7032717,91.4019265,80,26,110,26,325,22,1046,2,0,3,3,1,0,68,1,23
1448,53.7173202,91.4188557,96,40,113,91,419,17,2212,0,0,4,3,2,0,60,1,18
1451,53.7208172,91.4583038,92,37,134,89,540,29,2192,2,5,17,10,9,4,42,5,30
1452,53.71751159999999,91.4509384,111,38,159,98,703,27,2041,3,11,15,9,4,10,51,12,31
1457,53.6930649,91.42870479999999,15,1,17,19,360,7,3271,0,0,0,0,2,0,1,0,9
1458,53.7185716,91.4548173,100,40,152,95,673,25,2213,2,9,22,6,6,8,46,8,33
1464,53.7172614,91.478828,84,8,39,25,142,16,1509,2,2,3,1,1,0,19,0,6
1465,53.71625,91.42940139999999,152,33,118,99,477,34,2068,9,6,10,9,3,1,48,9,32
1469,53.6972602,91.4042802,78,26,112,35,275,22,1872,2,1,2,3,1,0,66,1,25
1480,53.6928873,91.4276707,18,1,19,19,357,8,3097,0,3,0,0,4,0,1,0,9
1485,53.7169478,91.4200079,89,35,107,93,365,15,2333,0,0,4,3,2,0,56,1,18
1488,53.7172156,91.4407713,203,29,135,102,898,31,1664,12,12,11,8,4,6,28,21,38
1492,53.7438973,91.43172849999999,94,30,123,64,810,31,862,1,11,5,15,4,4,47,5,32
1495,53.717721,91.42715869999999,147,42,145,118,440,30,1842,9,3,8,8,3,1,82,5,27
1496,53.7377246,91.4181115,116,13,152,74,693,36,684,0,7,0,7,1,2,90,8,17
1497,53.7120048,91.4620825,29,28,52,45,284,10,2406,0,0,5,3,2,0,10,3,17
1499,53.7296491,91.4285724,150,32,209,111,612,33,1241,8,9,9,5,6,4,116,7,36
1500,53.7021065,91.4001352,70,24,99,24,308,18,902,2,0,3,3,1,0,60,1,23
1501,53.71237989999999,91.4632728,32,27,48,45,268,10,2325,0,0,5,4,3,0,10,1,15
1502,53.72974499999999,91.429419,144,32,218,115,662,23,1298,8,10,12,7,6,4,117,8,40
1504,53.7305767,91.4297252,140,31,224,106,721,24,1254,8,12,10,10,6,6,119,9,42
1516,53.71524580000001,91.42119300000002,95,34,102,96,359,17,2569,0,0,4,5,1,0,52,1,18
1519,53.7441586,91.43730959999999,63,29,107,41,554,18,1123,1,9,9,10,4,5,42,4,27
1520,53.69821049999999,91.39850249999999,63,20,100,28,284,16,1148,2,0,2,3,1,0,62,1,23
1524,53.7440544,91.43135910000001,97,32,127,64,851,31,836,1,12,4,14,4,4,49,5,34
1529,53.7147514,91.4277352,125,30,98,110,379,26,2359,9,4,7,9,3,1,44,3,22
1540,53.7191292,91.45423790000001,101,41,154,111,727,28,2181,2,9,22,6,5,8,44,10,33
1543,53.7027224,91.40561489999999,84,27,108,40,293,24,1498,2,1,3,3,1,0,68,1,19
1546,53.69613099999999,91.40469200000001,75,26,97,39,254,22,1996,2,1,1,3,0,0,59,1,20
1548,53.70207629999999,91.40617879999999,81,27,104,41,301,22,1612,2,1,3,3,1,0,62,1,19
1551,53.7341638,91.4408488,136,47,182,80,568,25,1654,2,14,20,11,6,7,78,15,32
1555,53.7261002,91.4516414,154,40,168,133,666,39,2215,4,10,15,8,5,8,58,13,34
1558,53.70122629999999,91.3968939,55,20,91,23,288,13,736,2,0,2,3,1,0,54,1,21
1565,53.7160953,91.41902019999999,94,38,107,88,407,15,2488,0,0,4,3,2,0,56,1,18
1566,53.7070478,91.4576992,18,11,11,14,216,7,2786,0,0,0,0,0,0,2,0,6
1567,53.7253591,91.44606780000001,233,45,216,116,809,52,1915,5,14,18,7,6,10,79,19,45
1569,53.7216877,91.4651106,104,34,107,84,427,25,2116,0,4,9,11,6,2,34,2,29
1570,53.7208096,91.41069329999999,67,18,65,43,393,17,1360,0,0,7,6,1,0,30,1,7
1576,53.7462939,91.42587069999999,89,21,105,68,664,34,450,1,7,0,11,4,0,49,5,21
1577,53.7273968,91.46234299999999,54,17,98,87,431,14,2224,1,2,11,11,9,2,28,2,19
1586,53.6988609,91.3978788,59,20,98,25,277,14,994,2,0,2,3,1,0,60,1,23
1587,53.7242057,91.4366979,240,39,247,131,784,41,1411,13,16,13,14,7,4,105,27,42
1588,53.71975080000001,91.43427559999999,214,34,197,115,654,39,1417,12,10,9,13,3,4,88,16,41
1589,53.7195701,91.4657811,96,34,93,79,376,21,2137,1,4,9,11,6,2,29,2,25
1591,53.7187487,91.47503019999999,90,14,53,35,142,21,2039,2,4,3,2,1,2,25,0,11
1594,53.7025765,91.40341869999999,84,27,116,31,318,24,1156,2,1,3,2,1,0,72,1,23
1599,53.72522859999999,91.4447036,245,47,223,110,831,55,1843,4,18,19,9,6,12,77,24,47
1603,53.716313,91.4097298,61,17,46,49,402,17,1641,0,0,8,8,1,0,15,1,5
1606,53.71534519999999,91.40789219999999,56,17,51,39,445,15,1561,0,0,8,7,1,0,19,1,5
1608,53.72157199999999,91.4589563,93,36,127,83,525,28,2188,2,7,15,10,9,6,42,5,28
1610,53.71559080000001,91.4313576,149,28,119,95,539,30,2008,11,6,9,10,3,1,41,11,34
1613,53.7300609,91.4419844,192,50,220,113,682,49,1582,3,15,20,11,7,7,88,24,35
1614,53.7444897,91.4295106,103,32,144,75,880,32,665,1,12,4,13,4,4,59,7,36
1615,53.6988298,91.40505970000001,79,27,112,35,306,22,1814,2,1,2,3,1,0,67,1,23
1616,53.729412,91.43257899999999,187,36,231,122,825,26,1365,8,16,13,13,6,7,114,16,45
1619,53.7261271,91.44252619999999,261,44,238,117,863,57,1704,3,15,15,10,6,6,91,25,44
1622,53.73178,91.42802239999999,135,31,187,110,679,35,1162,2,12,7,7,4,6,102,8,31
1623,53.714866,91.417232,82,27,76,79,448,9,2596,0,0,5,4,2,0,41,1,11
1626,53.7276769,91.42463699999999,132,39,203,100,464,37,1305,3,2,9,5,3,0,132,4,33
1628,53.71804330000001,91.4740806,90,18,55,36,159,21,2177,2,4,3,1,2,2,25,0,13
1629,53.7240252,91.4263466,180,45,188,119,489,43,1443,10,4,10,8,3,2,112,5,31
1632,53.7260558,91.45547069999999,92,29,141,111,541,30,2144,3,7,19,10,10,6,46,10,21
1633,53.71464539999999,91.414638,77,16,43,54,476,10,2348,0,0,8,5,1,0,13,2,9
1635,53.7428603,91.4241352,119,17,128,77,854,43,574,1,12,0,12,4,4,61,5,30
1636,53.7450919,91.4336142,79,29,111,49,659,25,1004,1,8,4,13,3,4,40,4,32
1637,53.7184936,91.4612406,60,41,115,78,435,6,2284,2,7,12,8,9,6,32,5,30
1638,53.7142917,91.46549019999999,76,26,60,44,263,15,2253,1,0,5,4,5,0,14,1,21
1639,53.7222532,91.4586866,98,34,131,82,522,32,2186,2,7,15,10,9,6,44,5,26
1644,53.70419,91.40309409999999,85,26,112,26,330,23,1155,2,1,3,5,1,0,69,1,23
1648,53.70093499999999,91.39887929999999,62,21,95,26,296,16,868,2,0,2,3,1,0,56,1,23
1653,53.73860879999999,91.4207677,133,19,134,85,885,43,725,2,7,1,9,2,2,80,6,20
1662,53.739707,91.4237923,150,22,146,91,968,50,784,2,12,2,13,4,4,76,5,29
1668,53.71445019999999,91.4662274,78,24,65,43,253,15,2223,2,4,5,4,5,2,19,1,21
1670,53.7274042,91.42919859999999,174,42,233,118,615,35,1331,9,8,10,5,5,4,131,12,38
1672,53.7296515,91.44254939999999,204,48,214,113,698,51,1606,3,15,20,11,7,7,87,23,32
1676,53.69678829999999,91.40576949999999,76,26,106,35,298,22,2155,2,1,1,4,1,0,65,1,20
1677,53.71848439999999,91.4535078,113,40,158,105,723,34,2151,2,9,22,7,6,8,46,11,33
1681,53.738322,91.42102500000001,135,19,136,88,886,44,745,2,7,2,9,2,2,80,6,22
1682,53.73029349999999,91.4405505,192,49,230,112,768,37,1544,3,17,21,11,7,9,90,28,41
1694,53.7300161,91.42508579999999,134,24,203,107,451,35,1215,1,3,6,4,2,2,138,3,32
1700,53.7277274,91.4314789,190,39,236,114,714,30,1408,9,11,14,5,5,4,122,16,42
1702,53.7341059,91.4398209,141,49,200,92,600,24,1555,2,17,21,11,6,7,90,12,34
1713,53.7268936,91.4255613,148,40,210,114,478,37,1339,8,4,9,5,4,2,134,5,31
1723,53.71418329999999,91.40641169999999,51,20,53,39,501,15,1458,0,0,8,7,1,0,25,1,2
1728,53.72119439999999,91.42690669999999,163,41,172,114,455,34,1515,9,2,10,7,3,0,96,10,30
1747,53.6976809,91.3982097,61,18,90,25,266,14,1166,2,0,2,3,1,0,54,1,23
1750,53.7159355,91.4273458,131,34,104,105,408,26,2198,9,3,6,8,3,1,50,3,22
1752,53.74623099999999,91.4240303,88,16,92,50,612,34,406,1,8,0,10,3,2,44,4,21
1753,53.71863279999999,91.4237582,123,38,140,112,361,25,1821,9,1,6,7,1,0,82,1,18
1755,53.7182036,91.4502072,133,38,173,105,761,39,1949,3,11,15,8,5,10,53,15,37
1756,53.72519879999999,91.4435482,255,45,230,112,848,57,1774,4,16,15,9,5,10,85,25,47
1759,53.7183994,91.459983,56,44,117,80,470,8,2286,2,7,14,8,9,6,32,5,30
1762,53.7139819,91.4658496,72,24,58,43,251,15,2237,1,2,5,4,4,0,14,1,21
1765,53.7435341,91.4385626,63,30,113,43,524,16,1209,0,9,14,10,5,5,42,6,27
1768,53.738493,91.417959,113,13,134,70,688,36,642,0,7,0,7,1,2,79,7,13
1771,53.7257691,91.448262,202,46,191,125,746,48,2049,5,11,19,5,5,8,68,14,36
1779,53.7326012,91.441183,159,43,193,86,683,31,1512,2,16,17,12,7,9,82,18,36
1784,53.7462714,91.4198454,72,12,77,44,558,24,343,2,6,0,8,0,2,44,5,10
1786,53.7179888,91.4478877,155,41,163,100,769,38,1925,5,14,17,8,4,10,44,18,38
1787,53.74416739999999,91.42874789999999,106,31,141,77,898,36,685,1,12,3,14,4,4,59,7,36
1794,53.6998105,91.39360169999999,41,9,70,9,185,11,534,2,0,2,2,1,0,41,1,17
1804,53.7184797,91.4127594,83,15,64,39,444,16,1649,0,0,7,6,1,0,29,2,11
1806,53.7436168,91.4369771,67,30,110,44,574,18,1156,1,9,9,11,4,5,42,4,27
1810,53.71811719999999,91.4573436,66,43,124,92,594,8,2298,2,5,16,8,7,4,38,5,29
1813,53.7001645,91.39781889999999,59,20,94,24,285,14,816,2,0,2,3,1,0,58,1,21
1815,53.723844,91.436177,242,41,243,128,766,41,1405,12,15,13,13,6,4,105,23,44
1816,53.7290416,91.44237679999999,216,48,232,115,731,52,1608,3,15,22,10,7,7,97,28,35
1820,53.7286315,91.44280169999999,214,48,227,117,727,52,1664,3,14,22,11,6,7,89,28,34
1824,53.725175,91.4421861,278,44,235,124,889,59,1700,5,17,18,10,6,8,85,26,46
1828,53.7190526,91.4359726,214,36,176,97,765,42,1453,12,13,9,13,3,6,54,20,40
1836,53.71666339999999,91.4349919,179,31,133,85,635,37,1527,12,9,8,11,3,3,36,14,35
1838,53.72458169999999,91.4454198,237,46,227,112,820,52,1837,6,17,21,10,7,12,81,22,49
1841,53.7161635,91.4224234,100,36,115,110,350,17,2313,0,1,5,5,1,1,60,1,18
1844,53.7214676,91.4675225,96,29,96,61,354,21,1983,1,4,9,11,6,2,37,1,19
1856,53.700128,91.404067,80,27,114,34,299,22,1486,2,1,2,3,1,0,70,1,23
1859,53.730933,91.4416988,179,46,221,105,695,40,1563,2,17,20,12,7,9,90,23,39
1866,53.7270346,91.4416971,258,42,237,126,814,58,1647,3,15,24,9,6,7,91,25,43
1876,53.71625359999999,91.43131450000001,155,33,122,97,568,30,1902,11,6,10,10,3,1,41,11,36
1877,53.7161015,91.4365753,178,21,130,75,728,30,1569,12,11,8,13,3,5,28,14,39
1882,53.7203326,91.43522399999999,224,39,221,111,715,42,1423,12,11,13,13,4,4,88,22,45
1884,53.73753,91.4215363,134,20,141,98,877,42,818,2,7,2,10,2,2,84,6,24
1887,53.73804,91.419366,126,17,149,84,820,38,704,1,7,1,8,1,2,88,8,17
1893,53.717147,91.44647909999999,147,42,153,89,793,27,1959,4,16,16,8,3,10,38,18,38
1895,53.7230818,91.4249657,159,42,173,114,435,33,1421,8,1,10,8,2,0,111,3,27
1907,53.735133,91.4181444,106,13,138,72,523,33,780,0,3,2,5,1,2,82,8,15
1908,53.7450495,91.42697849999999,95,24,123,76,759,34,571,1,10,3,13,4,2,57,5,28
1911,53.7412998,91.4234927,139,20,141,86,895,46,628,2,12,0,12,4,4,75,6,28
1912,53.7426673,91.4380797,65,33,115,45,557,16,1208,1,10,14,11,5,5,42,6,29
1913,53.722822,91.44406699999999,256,49,223,110,869,56,1674,6,17,22,10,5,12,84,25,44
1919,53.7158495,91.42030690000001,88,34,100,91,362,15,2533,0,0,4,4,1,0,52,1,18
1920,53.7009699,91.4017496,80,25,113,33,310,22,1056,2,1,3,3,1,0,70,1,23
1932,53.74070769999999,91.42140719999999,132,20,125,86,885,48,607,1,7,0,11,3,2,67,6,22
1947,53.731454,91.441847,175,46,206,95,690,40,1553,2,15,19,12,7,7,84,19,38
1951,53.7407106,91.4241534,145,20,153,87,952,49,694,2,12,0,12,4,4,78,5,33
1952,53.7176999,91.44457829999999,175,37,160,90,928,29,1917,4,16,16,8,4,10,44,21,39
1954,53.746109,91.433154,61,28,108,48,557,19,904,1,7,4,10,3,4,38,4,31
1957,53.7304794,91.4363149,210,41,232,107,793,30,1397,4,19,15,14,4,9,106,21,46
1959,53.7460748,91.430044,79,32,118,52,726,29,566,1,11,4,10,4,4,51,3,30
1964,53.724815,91.43627599999999,233,41,236,125,736,40,1417,12,16,12,12,6,4,104,23,42
1965,53.728632,91.439819,227,44,216,126,800,39,1554,3,16,21,12,6,7,88,25,34
1968,53.7192883,91.4615629,67,43,116,77,456,9,2298,2,7,12,9,9,6,34,4,28
1972,53.719579,91.426689,158,40,168,108,428,32,1633,9,2,8,7,3,0,96,7,30
1984,53.725381,91.4376149,242,42,234,133,806,43,1454,13,16,14,12,7,6,94,27,43
1990,53.7192144,91.4600445,59,44,119,82,482,8,2264,2,7,14,8,9,6,34,5,30
1999,53.72858,91.44341209999999,208,46,221,120,722,50,1710,3,14,22,11,7,7,82,26,34
2001,53.7195118,91.4617408,70,43,115,79,459,10,2292,2,7,11,9,9,6,34,4,27
2002,53.7294231,91.44773230000001,171,49,176,121,563,42,2085,3,11,23,9,7,7,76,14,26
2011,53.6982115,91.4017133,79,26,114,32,289,22,1454,2,1,2,3,1,0,68,1,25
2025,53.7237152,91.4437367,269,48,233,115,880,56,1709,6,17,19,11,5,12,84,26,48
2035,53.7189164,91.4498148,148,39,174,113,786,39,1959,4,12,16,7,5,10,53,15,39
2041,53.7180188,91.4484792,154,41,169,108,772,39,1925,5,13,16,7,5,10,50,16,34
2042,53.7245658,91.44355949999999,256,45,233,113,869,56,1758,5,16,16,12,5,10,84,25,51
2046,53.7193104,91.46098630000002,57,43,119,78,465,6,2276,2,7,13,9,9,6,34,5,30
2047,53.72272839999999,91.42243710000001,131,37,172,102,406,24,1447,2,0,7,6,1,0,111,2,23
2050,53.71656189999999,91.41921789999999,92,38,107,93,408,15,2394,0,0,4,3,2,0,56,1,18
2054,53.74510429999999,91.4261148,91,21,114,77,743,34,523,1,10,2,14,4,2,53,6,24
2070,53.7169939,91.4501877,107,38,157,93,688,25,2009,4,11,15,7,4,10,50,12,32
2091,53.74612699999999,91.427526,88,26,110,71,713,30,543,1,7,3,12,4,0,49,5,22
2093,53.7299715,91.44771449999999,167,44,170,119,504,42,2083,3,11,21,9,7,7,76,13,23
2098,53.735896,91.419223,120,17,150,76,663,38,786,1,7,2,6,1,2,88,8,19
2106,53.7439074,91.42697079999999,100,24,136,76,851,34,625,1,12,3,13,4,4,61,8,30
2117,53.698249,91.4040113,80,26,116,35,283,22,1740,2,1,2,3,1,0,70,1,25
2123,53.730006,91.432546,169,36,235,113,839,24,1353,8,16,13,14,6,7,118,15,45
2127,53.7374434,91.4173282,109,11,137,64,563,36,663,0,7,0,6,0,2,81,7,15
2130,53.744003,91.4260573,99,21,125,83,820,34,570,1,10,2,14,4,2,59,6,30
2159,53.7444632,91.42478,98,17,117,77,733,34,519,1,10,0,12,4,2,55,6,26
2172,53.7244198,91.43501429999999,240,42,234,122,676,41,1404,11,15,14,10,5,4,98,23,47
2177,53.7165838,91.4681945,91,26,75,53,280,20,2183,2,4,8,7,5,2,23,1,21
2191,53.7311291,91.4289577,136,32,208,103,673,31,1198,1,12,8,8,5,6,112,9,38
2192,53.72823709999999,91.4409211,227,49,231,124,776,43,1593,3,16,25,10,6,7,92,28,35
2198,53.7144689,91.42893839999999,130,29,97,99,408,24,2368,9,5,7,9,3,1,42,5,22
2200,53.7237181,91.4426443,278,45,236,122,897,56,1664,5,17,16,11,6,10,84,26,50
2210,53.7464533,91.4297832,81,30,114,46,715,30,552,1,11,4,10,3,4,50,3,28
2221,53.700261,91.395325,51,13,77,19,231,14,640,2,0,2,2,1,0,48,1,17
2234,53.7369818,91.4495464,59,19,84,57,180,14,2790,2,1,8,11,2,1,54,4,7
2236,53.6986281,91.4005681,70,25,108,32,290,16,1306,2,0,2,2,1,0,66,1,23
2241,53.6985092,91.38984789999999,19,0,47,2,131,5,341,0,0,0,2,1,0,33,0,13
2243,53.70087119999999,91.4043497,82,27,114,32,301,22,1406,2,1,3,3,1,0,70,1,23
2254,53.71929189999999,91.4236316,120,38,140,112,353,22,1751,9,0,6,7,1,0,82,1,18
2255,53.7305022,91.4422883,186,48,212,112,651,48,1584,3,15,20,12,7,7,84,22,37
2268,53.7286701,91.43249949999999,204,36,228,114,816,27,1375,8,14,14,14,5,6,114,18,43
2279,53.7199007,91.4359152,226,39,200,107,772,44,1476,12,11,11,13,4,4,72,21,44
2282,53.7142567,91.4116621,69,15,46,55,421,14,2028,0,0,8,6,1,0,19,1,7
2328,53.72806869999999,91.4331821,221,37,226,105,784,25,1355,9,14,15,13,4,4,115,17,43
2334,53.69694459999999,91.4032865,79,26,114,33,285,22,1738,2,1,2,2,1,0,68,1,25
2359,53.7205664,91.4372539,222,33,209,108,825,36,1466,12,15,14,15,5,8,70,25,49
2367,53.7155879,91.4351787,161,26,121,81,605,35,1649,12,7,7,11,2,1,32,13,35
2370,53.73215399999999,91.427273,130,27,191,113,662,35,1147,2,11,5,10,3,6,114,9,27
2372,53.7218025,91.4609074,64,39,126,82,477,10,2240,2,7,13,10,9,6,40,4,28
2389,53.71763559999999,91.44431089999999,181,35,158,90,930,29,1921,4,16,16,8,3,10,44,21,39
2407,53.7173654,91.4282362,151,43,148,114,451,30,1886,9,5,7,10,3,1,80,8,30
2408,53.743202,91.415837,77,8,68,48,501,28,350,2,6,0,5,0,2,42,5,8
2413,53.7162644,91.421042,93,34,103,98,361,17,2403,0,0,4,5,1,0,52,1,18
2419,53.7248448,91.44056139999999,266,44,241,132,880,47,1555,12,16,18,12,6,6,89,26,46
2420,53.7222143,91.4266541,167,43,184,120,468,35,1459,9,2,10,8,2,0,103,9,32
2421,53.7461215,91.4174764,68,7,71,41,510,21,271,2,6,0,6,0,2,44,5,10
2429,53.7194465,91.4637107,83,35,107,83,418,14,2213,1,4,9,9,7,2,26,4,31
2441,53.71780889999999,91.44099179999999,206,32,143,114,912,34,1642,12,13,12,8,4,6,33,21,41
2443,53.7180356,91.4217459,107,36,119,96,345,19,2112,0,0,5,5,1,0,66,1,20
2445,53.7448888,91.4377177,56,27,99,33,495,16,1084,1,9,8,9,4,5,40,4,21
2447,53.7173172,91.4633175,75,35,91,77,352,16,2319,0,2,8,8,6,2,20,4,31
2455,53.7220275,91.4334516,215,44,237,132,598,38,1352,12,11,14,10,5,4,115,18,42
2456,53.73553,91.43614400000001,128,56,226,100,722,22,1354,2,17,19,14,7,7,99,13,42
2457,53.716867,91.42739449999999,143,41,135,110,427,26,2010,9,3,6,8,3,1,74,5,26
2463,53.7139154,91.4636922,53,33,65,49,280,12,2319,0,0,6,4,3,0,16,4,21
2465,53.7427687,91.4207436,103,16,98,69,723,40,513,1,7,0,10,3,2,47,6,18
2466,53.7186828,91.4734958,92,19,60,31,173,21,2173,2,4,3,2,2,2,25,0,13
2472,53.7459376,91.4361778,55,26,88,38,465,16,1071,1,8,4,10,3,4,36,4,19
2481,53.7071836,91.5090508,23,0,19,12,129,7,888,4,1,0,0,0,0,8,0,4
2484,53.7057753,91.4006533,64,20,91,28,330,20,946,2,0,3,7,1,0,54,1,19
2493,53.738948,91.4240174,156,22,147,92,1001,50,874,2,12,2,13,4,4,78,5,27
2503,53.7063305,91.4011666,64,21,97,28,364,18,990,2,0,3,7,1,0,56,1,17
2504,53.70398909999999,91.40397519999999,87,26,114,36,320,25,1245,2,1,3,4,1,0,73,1,21
2507,53.736569,91.455344,31,16,62,42,200,13,2638,0,0,3,9,2,0,40,3,5
2519,53.7083974,91.3682764,4,4,3,2,267,0,422,0,0,0,3,0,0,0,1,0
2534,53.7455197,91.4386257,43,26,86,29,403,13,1085,0,7,7,8,3,3,34,4,19
2535,53.7215341,91.4339612,221,40,230,135,601,38,1360,12,11,14,12,5,4,105,22,42
2536,53.7277891,91.4351587,216,42,232,108,776,30,1423,9,16,16,14,4,7,112,19,46
2547,53.7324835,91.42729279999999,126,28,189,108,659,35,1159,2,11,6,10,3,6,112,9,27
2549,53.7189226,91.455386,100,36,143,101,651,27,2223,2,7,22,6,6,6,42,7,33
2552,53.7346217,91.4247383,138,17,193,105,814,41,1009,2,4,4,8,3,2,122,6,25
2554,53.745062,91.43601799999999,64,26,104,38,552,18,1101,1,9,5,11,3,5,40,4,27
2567,53.73994200000001,91.42719699999999,141,29,171,88,1023,50,829,2,13,5,14,4,4,78,8,40
2573,53.72532959999999,91.46354529999999,61,19,99,85,446,21,2156,1,2,10,11,9,2,30,2,19
2574,53.7297641,91.446967,170,47,183,127,550,42,2001,3,12,22,9,8,7,84,16,23
2578,53.7461143,91.4229926,83,14,88,46,595,32,406,1,6,0,10,3,2,42,4,19
2592,53.7452402,91.45553939999999,12,3,40,14,226,2,1514,0,0,0,6,0,0,32,0,4
2595,53.74324499999999,91.422924,117,19,115,75,793,41,532,1,10,0,11,4,2,57,6,22
2596,53.7344172,91.4457544,106,36,128,77,347,36,2238,2,7,18,10,5,1,58,9,24
2597,53.7150341,91.4395024,163,24,109,77,843,26,1833,12,9,10,9,2,4,20,16,32
2603,53.742266,91.41580499999999,79,8,68,48,503,28,378,2,6,0,6,0,2,42,5,8
2611,53.74451699999999,91.415633,71,7,64,48,478,25,290,2,6,0,4,0,2,40,5,8
2617,53.7437062,91.43059009999999,102,31,138,68,916,33,778,1,13,4,12,4,4,55,7,36
2619,53.741298,91.4199129,107,17,105,71,805,40,529,1,7,0,9,1,2,59,6,16
2620,53.7264783,91.435339,235,41,225,108,735,38,1411,11,14,14,11,4,4,100,20,47
2623,53.7244823,91.45656059999999,88,32,133,110,537,30,2108,2,7,18,10,9,6,42,6,20
2629,53.7336679,91.41593639999999,82,8,128,45,258,25,755,0,2,1,0,0,2,81,7,11
2631,53.7026814,91.496197,5,0,14,9,118,3,970,0,0,0,0,0,0,4,2,2
2633,53.6965805,91.40204980000001,77,25,110,32,282,22,1682,2,1,2,2,1,0,66,1,25
2642,53.7302484,91.4284699,140,32,199,110,643,29,1221,5,10,8,7,6,4,110,7,36
2644,53.7367668,91.4224326,140,21,145,93,853,39,897,2,10,2,10,2,4,88,5,26
2652,53.7229241,91.44580649999999,230,45,213,108,843,52,1759,7,14,22,10,6,10,74,21,42
2653,53.7437141,91.45713690000001,14,3,40,15,237,4,1696,0,0,1,7,0,0,32,0,4
2692,53.7456702,91.4355348,62,26,98,39,511,16,1073,1,8,4,11,3,4,38,4,25
2702,53.717377,91.449596,128,38,165,103,734,34,1955,5,11,15,7,5,10,50,15,34
2711,53.7354698,91.4251091,146,19,180,101,898,41,1009,2,7,4,10,4,2,104,6,29
2714,53.7319501,91.4253937,136,25,205,118,630,36,1118,2,4,5,7,3,2,138,5,25
2715,53.7391184,91.4323076,108,39,171,89,888,27,1056,2,13,7,17,5,5,69,5,45
2720,53.7151586,91.4060384,46,16,41,32,489,15,1384,0,0,8,7,1,0,21,1,2
2722,53.7072519,91.5090596,23,0,19,12,129,7,892,4,1,0,0,0,0,8,0,4
2730,53.7165309,91.40647129999999,51,17,46,39,458,15,1335,0,0,8,7,1,0,15,1,5
2734,53.6984631,91.4092423,71,28,90,42,279,20,2393,2,3,0,4,5,0,47,1,17
2737,53.7173245,91.41018969999999,61,18,47,46,405,17,1577,0,0,8,8,1,0,15,1,5
2738,53.7363854,91.4357393,122,55,219,92,740,24,1332,2,17,19,14,7,7,99,12,39
2748,53.6975705,91.39921299999999,66,23,101,32,286,16,1290,2,0,2,2,1,0,62,1,23
2753,53.7372373,91.4281369,144,20,177,84,929,52,1042,2,12,7,15,5,4,78,8,44
2764,53.7270603,91.439556,244,42,229,130,803,39,1563,10,17,19,12,6,7,90,26,38
2767,53.7192781,91.4589398,69,44,124,85,520,9,2256,2,5,14,8,9,4,38,5,30
2776,53.7172878,91.47668619999999,86,11,48,27,150,20,1815,2,2,3,1,1,0,25,0,11
2780,53.71896419999999,91.4148616,83,30,97,53,475,11,1629,0,0,8,3,2,0,56,2,9
2789,53.7237425,91.4610803,66,29,115,83,478,16,2266,1,6,11,10,9,6,38,4,21
2792,53.69342169999999,91.432913,8,1,9,12,339,2,3371,0,0,0,0,0,0,1,0,6
2795,53.71142649999999,91.4379549,95,15,61,57,538,21,2343,4,7,5,8,1,3,14,9,17
2796,53.731471,91.418603,97,19,149,74,338,29,1016,1,3,3,1,0,2,97,6,15
2811,53.7351868,91.43294189999999,121,49,237,100,778,27,1130,2,17,15,14,6,7,105,11,50
2814,53.7161284,91.44486979999999,146,36,144,82,882,19,1960,4,15,13,8,2,10,38,19,37
2819,53.7302162,91.4407895,191,49,228,115,753,38,1542,3,17,21,11,7,9,92,27,39
2822,53.6932567,91.430026,12,1,13,17,356,5,3445,0,0,0,0,2,0,1,0,7
2823,53.72155,91.4111677,69,17,77,40,383,17,1324,0,0,7,4,1,0,40,1,7
2830,53.7174759,91.4117265,70,17,49,44,413,12,1699,0,0,7,6,1,0,19,1,7
2833,53.72804970000001,91.4440584,214,49,228,117,741,53,1762,3,14,21,8,5,7,88,25,36
2837,53.7059272,91.48581329999999,3,2,4,12,125,0,616,0,0,1,0,0,0,0,0,0
2838,53.7125981,91.46402499999999,45,28,52,41,261,10,2307,0,0,5,4,3,0,12,1,17
2842,53.7172589,91.4479302,142,41,157,90,755,31,1960,4,13,16,8,4,10,40,18,36
2846,53.6945054,91.4035899,82,24,96,43,224,24,1941,2,1,1,2,0,0,57,1,22
2847,53.7275808,91.4456031,222,53,224,129,734,51,1869,3,14,23,9,7,9,90,22,32
2867,53.7158709,91.3968775,16,12,21,20,431,12,958,0,0,5,6,0,0,10,1,2
2878,53.74210900000001,91.41979599999999,101,16,97,65,712,36,515,2,7,0,8,2,2,53,5,14
2905,53.7305977,91.42719389999999,147,29,198,103,613,35,1187,1,9,6,6,4,4,116,5,34
2925,53.7236543,91.43361879999999,228,48,240,124,605,40,1368,10,13,15,12,5,4,108,21,45
2942,53.7382915,91.42955909999999,127,30,176,83,949,47,924,2,12,7,16,5,4,78,9,41
2959,53.7269358,91.46170289999999,52,18,102,93,449,11,2226,1,2,12,11,9,2,32,2,19
2967,53.72016470000001,91.4587105,80,42,130,89,537,17,2244,2,5,14,10,9,4,42,5,30
2969,53.7012121,91.3959153,56,16,87,17,278,14,692,2,0,2,3,1,0,52,1,19
2974,53.7111227,91.4394382,82,16,63,34,543,22,2478,4,6,7,6,1,2,18,3,21
2993,53.69972989999999,91.3961819,56,17,84,21,259,14,736,2,0,2,3,1,0,50,1,21
3004,53.71134679999999,91.4781356,46,8,32,25,127,2,1599,2,2,3,1,1,0,17,0,4
3011,53.7277662,91.42526699999999,135,39,214,103,474,39,1291,7,2,9,5,3,0,136,5,36
3015,53.6980369,91.4166563,32,8,45,40,177,13,3539,0,4,0,5,5,0,18,0,12
3022,53.70988209999999,91.4304955,52,14,53,81,354,13,3160,2,4,2,8,1,1,16,1,23
3025,53.7097236,91.4295698,46,13,57,79,295,13,3252,2,4,2,7,1,1,18,1,25
3031,53.7022973,91.4953158,5,0,12,9,116,3,878,0,0,0,0,0,0,4,2,2
3041,53.7381934,91.43579629999999,99,47,200,90,737,24,1380,2,15,17,14,7,5,84,10,39
3059,53.7139129,91.4085133,58,19,59,47,457,12,1745,0,0,8,7,1,0,25,1,5
3076,53.72492,91.448067,208,48,193,126,774,49,2004,5,13,18,6,5,10,66,17,36
3086,53.7026913,91.4018657,81,26,114,29,325,22,1002,2,1,3,3,1,0,72,1,23
3093,53.6946699,91.43868069999999,5,1,8,12,280,2,3015,0,0,0,0,0,0,0,0,6
3100,53.73121769999999,91.4391629,182,47,211,101,750,35,1515,2,18,19,11,7,9,86,20,42
3117,53.700514,91.4952699,5,0,14,6,111,3,872,0,0,0,0,0,0,4,2,2
3123,53.6975013,91.41897159999999,26,6,30,31,167,12,3809,0,4,0,5,5,0,8,0,10
3127,53.7174807,91.4369342,191,26,148,88,768,33,1476,12,12,10,13,3,6,32,18,43
3148,53.7206077,91.4546196,102,37,153,107,707,29,2179,2,9,22,6,7,8,44,10,31
3159,53.7118064,91.4398938,98,19,76,39,603,22,2361,5,6,7,6,1,2,20,7,22
3177,53.7256972,91.4396347,244,42,230,130,831,38,1539,11,15,17,12,6,6,84,26,44
3194,53.7459092,91.4385844,39,25,83,27,381,12,1059,0,7,6,8,2,3,34,4,19
3203,53.7190957,91.43411599999999,204,36,176,105,668,39,1435,12,10,8,12,3,4,72,16,37
3208,53.7055677,91.39783419999999,45,19,79,22,358,14,856,2,0,3,5,1,0,49,1,15
3212,53.7360671,91.43373079999999,117,53,228,94,798,27,1156,2,17,14,14,6,7,103,11,43
3214,53.7293091,91.42151659999999,116,25,181,96,423,33,1254,1,1,5,2,1,0,124,4,20
3233,53.7315274,91.44046089999999,171,43,209,97,717,32,1511,2,17,18,11,7,9,86,18,42
3239,53.7111861,91.43993119999999,84,16,64,38,556,22,2508,4,6,7,6,1,2,18,3,21
3250,53.7241118,91.45803579999999,78,32,126,92,500,28,2152,2,7,16,10,9,6,42,5,19
3252,53.7299269,91.4646932,42,13,58,60,309,16,2384,0,2,9,8,6,2,14,1,8
3261,53.7136636,91.4657072,69,24,56,43,251,14,2223,1,0,5,4,3,0,12,1,21
3262,53.7312232,91.4434075,169,48,188,109,585,42,1685,2,15,20,12,7,7,76,20,30
3280,53.720957,91.46769909999999,96,29,96,64,351,21,2021,1,4,9,11,6,2,35,1,21
3289,53.7211807,91.4351665,234,40,235,119,705,44,1373,12,11,14,15,5,4,98,23,44
3292,53.6923319,91.41735369999999,31,5,39,37,215,14,2836,0,4,0,5,5,0,14,0,10
3297,53.7151788,91.4684245,84,23,60,39,235,15,2187,2,4,7,4,5,2,19,0,19
3310,53.6937659,91.4328247,8,1,9,12,351,2,3463,0,0,0,0,0,0,1,0,6
3311,53.7462078,91.4188243,73,8,76,43,546,24,319,2,6,0,8,0,2,44,5,10
3318,53.7243371,91.4598188,77,31,122,81,498,27,2228,2,6,12,10,9,6,42,4,22
